predictor,outcome,n_models,spearman_rho,raw_p,holm_adjusted_p,bh_adjusted_p,family_size,is_derived
Tax within-$1 (domain-matched),"Mean |center|, labor-and-tax",28,0.0741957625880644,0.704314784260787,1.0,0.8049311820123279,8,False
Tax within-$1 (domain-matched),"Mean |center|, macro-and-trade",28,0.2372672597164746,0.22308884555772213,1.0,0.44617769111544425,8,False
Tax within-$1 (domain-matched),Avg interval-width rank (1 = tightest),28,-0.25359441563225327,0.19264036798160092,1.0,0.44617769111544425,8,False
Tax within-$1 (domain-matched),ETI pooled median,28,-0.42031764993051185,0.026198690065496726,0.1887905604719764,0.1047947602619869,8,False
Tax within-$1 (domain-matched),"Implied optimal top rate (%) — derived, monotone transform of ETI — not an additional test",28,0.42031764993051185,0.026198690065496726,0.1887905604719764,0.1047947602619869,8,True
Overall within-$1 (leaderboard headline),"Mean |center|, labor-and-tax",28,0.014230979748221127,0.9419029048547573,1.0,0.9419029048547573,8,False
Overall within-$1 (leaderboard headline),"Mean |center|, macro-and-trade",28,0.11824278200233504,0.5458227088645567,1.0,0.727763611819409,8,False
Overall within-$1 (leaderboard headline),Avg interval-width rank (1 = tightest),28,-0.16671229751397384,0.39378031098445077,1.0,0.6300484975751213,8,False
Overall within-$1 (leaderboard headline),ETI pooled median,28,-0.42726153404084494,0.02359882005899705,0.1887905604719764,0.1047947602619869,8,False
Overall within-$1 (leaderboard headline),"Implied optimal top rate (%) — derived, monotone transform of ETI — not an additional test",28,0.42726153404084494,0.02359882005899705,0.1887905604719764,0.1047947602619869,8,True
